household_id,household_weight,spm_resources_baseline,spm_resources_with_boost,spm_resources_without_boost,spm_threshold,agi,num_children,num_young_children,num_persons,in_poverty_baseline,in_poverty_with_boost,in_poverty_without_boost,gap_baseline,gap_with_boost,gap_without_boost,benefit_with_boost,benefit_without_boost,young_child_boost_impact,pct_of_poverty_baseline,pct_of_poverty_with_boost
6825912,4.6660314,26042.826171875,26147.826171875,26147.826171875,26113.828125,31105.28515625,1,0,2,True,False,False,71.001953125,-33.998046875,-33.998046875,105.0,105.0,0.0,99.72810591849984,100.13019173869209
6826052,3.1858375,34875.87890625,34980.87890625,34980.87890625,34949.9453125,41812.24609375,1,0,3,True,False,False,74.06640625,-30.93359375,-30.93359375,105.0,105.0,0.0,99.78807862047351,100.08850827511577
6827852,4.6471357,34942.55078125,35842.55078125,35542.55078125,35238.53515625,38880.32421875,2,1,4,True,False,False,295.984375,-604.015625,-304.015625,900.0,600.0,300.0,99.16005482722939,101.71407699645218
6851108,3.317984,34875.87890625,34980.87890625,34980.87890625,34949.9453125,41812.24609375,1,0,3,True,False,False,74.06640625,-30.93359375,-30.93359375,105.0,105.0,0.0,99.78807862047351,100.08850827511577
6852818,15.339561,34817.1953125,35717.1953125,35417.1953125,35238.53515625,38880.32421875,2,1,4,True,False,False,421.33984375,-478.66015625,-178.66015625,900.0,600.0,300.0,98.80432077587291,101.35834294509574
